player_id,created_by,team_id,first_name,last_name,position
0,,0,Jo,Adell,OF
1,,0,Ryan,Aguilar,OF
2,,0,Kyle,Barraclough,P
3,,0,Jaime,Barria,P
4,,0,Archie,Bradley,P
5,,0,Jesse,Chavez,P
6,,0,Tucker,Davidson,P
7,,0,Reid,Detmers,P
8,,0,Jhonathan,Diaz,P
9,,0,Matt,Duffy,IF
10,,0,Steven,Duggar,OF
11,,0,David,Fletcher,SS
12,,0,Mike,Ford,1B
13,,0,Phil,Gosselin,2B
14,,0,Monte,Harrison,OF
15,,0,Jimmy,Herget,P
16,,0,Raisel,Iglesias,P
17,,0,Janson,Junk,P
18,,0,Juan,Lagares,OF
19,,0,Michael,Lorenzen,P
20,,0,Aaron,Loup,P
21,,0,David,MacKinnon,1B
22,,0,Brandon,Marsh,OF
23,,0,Jose,Marte,P
24,,0,Mike,Mayers,P
25,,0,Jack,Mayfield,2B
26,,0,Mickey,Moniak,OF
27,,0,Brian,Moran,P
28,,0,Logan,O`Hoppe,C
29,,0,Shohei,Ohtani,P
30,,0,Oliver,Ortega,P
31,,0,Elvis,Peguero,P
32,,0,Jose,Quijada,P
33,,0,Anthony,Rendon,2B
34,,0,Luis,Rengifo,2B
35,,0,Gerardo,Reyes,P
36,,0,Jose,Rojas,SS
37,,0,Austin,Romine,C
38,,0,Kenny,Rosenberg,P
39,,0,Patrick,Sandoval,P
40,,0,Magneuris,Sierra,OF
41,,0,Chase,Silseth,P
42,,0,Livan,Soto,SS
43,,0,Max,Stassi,C
44,,0,Michael,Stefanic,2B
45,,0,Jose,Suarez,P
46,,0,Kurt,Suzuki,C
47,,0,Noah,Syndergaard,P
48,,0,Ryan,Tepera,P
49,,0,Matt,Thaiss,1B
50,,0,Dillon,Thomas,OF
51,,0,Touki,Toussaint,P
52,,0,Mike,Trout,OF
53,,0,Cesar,Valdez,P
54,,0,Andrew,Velazquez,SS
55,,0,Jonathan,Villar,SS
56,,0,Tyler,Wade,SS
57,,0,Chad,Wallach,C
58,,0,Jared,Walsh,OF
59,,0,Nash,Walters,P
60,,0,Andrew,Wantz,P
61,,0,Taylor,Ward,3B
62,,0,Austin,Warren,P
63,,0,Zack,Weiss,P
64,,0,Aaron,Whitefield,OF
65,,0,Rob,Zastryzny,P
66,,15,Nick,Ahmed,SS
67,,15,Sergio,Alcantara,SS
68,,15,Seth,Beer,1B
69,,15,Madison,Bumgarner,P
70,,15,Corbin,Carroll,OF
71,,15,Humberto,Castellanos,P
72,,15,Matt,Davidson,3B
73,,15,Zach,Davies,P
74,,15,Chris,Devenski,P
75,,15,Wilmer,Difo,2B
76,,15,Drew,Ellis,3B
77,,15,Luis,Frias,P
78,,15,Paul,Fry,P
79,,15,Zac,Gallen,P
80,,15,Stone,Garrett,OF
81,,15,Tyler,Gilbert,P
82,,15,Kevin,Ginkel,P
83,,15,Grayson,Greiner,C
84,,15,Jake,Hager,2B
85,,15,Tommy,Henry,P
86,,15,Yonny,Hernandez,3B
87,,15,Jose,Herrera,C
88,,15,Tyler,Holton,P
89,,15,Cooper,Hummel,OF
90,,15,Drey,Jameson,P
91,,15,Carson,Kelly,C
92,,15,Merrill,Kelly,P
93,,15,Buddy,Kennedy,3B
94,,15,Ian,Kennedy,P
95,,15,Dallas,Keuchel,P
96,,15,Jordan,Luplow,OF
97,,15,Joe,Mantiply,P
98,,15,Ketel,Marte,SS
99,,15,Corbin,Martin,P
100,,15,Jake,McCarthy,OF
101,,15,Mark,Melancon,P
102,,15,Keynan,Middleton,P
103,,15,Reyes,Moronta,P
104,,15,Kyle,Nelson,P
105,,15,Ryne,Nelson,P
106,,15,Matt,Peacock,P
107,,15,David,Peralta,OF
108,,15,Geraldo,Perdomo,SS
109,,15,Oliver,Perez,P
110,,15,Sean,Poppen,P
111,,15,Noe,Ramirez,P
112,,15,Emmanuel,Rivera,3B
113,,15,Josh,Rojas,3B
114,,15,Caleb,Smith,P
115,,15,Pavin,Smith,OF
116,,15,Alek,Thomas,OF
117,,15,Edwin,Uceta,P
118,,15,Daulton,Varsho,C
119,,15,Christian,Walker,1B
120,,15,Luke,Weaver,P
121,,15,J. B.,Wendelken,P
122,,15,Taylor,Widener,P
123,,16,Ronald,Acuna,OF
124,,16,Ehire,Adrianza,2B
125,,16,Ozzie,Albies,2B
126,,16,Ian,Anderson,P
127,,16,Orlando,Arcia,SS
128,,16,Rylan,Bannon,3B
129,,16,Silvino,Bracho,P
130,,16,Robinson,Cano,2B
131,,16,Jesse,Chavez,P
132,,16,William,Contreras,C
133,,16,Jesus,Cruz,P
134,,16,Travis,d`Arnaud,C
135,,16,Tucker,Davidson,P
136,,16,Travis,Demeritte,OF
137,,16,Alex,Dickerson,OF
138,,16,Adam,Duvall,OF
139,,16,Bryce,Elder,P
140,,16,Mike,Ford,1B
141,,16,Max,Fried,P
142,,16,Phil,Gosselin,2B
143,,16,Vaughn,Grissom,3B
144,,16,Robbie,Grossman,OF
145,,16,Michael,Harris,OF
146,,16,Guillermo,Heredia,OF
147,,16,Raisel,Iglesias,P
148,,16,Jay,Jackson,P
149,,16,Kenley,Jansen,P
150,,16,Dylan,Lee,P
151,,16,Tyler,Matzek,P
152,,16,Collin,McHugh,P
153,,16,A. J.,Minter,P
154,,16,Charlie,Morton,P
155,,16,Kyle,Muller,P
156,,16,Sean,Newcomb,P
157,,16,Darren,O`Day,P
158,,16,Jake,Odorizzi,P
159,,16,Matt,Olson,OF
160,,16,Marcell,Ozuna,OF
161,,16,Manny,Pina,C
162,,16,Austin,Riley,3B
163,,16,Eddie,Rosario,OF
164,,16,Will,Smith,P
165,,16,Jackson,Stephens,P
166,,16,Spencer,Strider,P
167,,16,Dansby,Swanson,SS
168,,16,Freddy,Tarnok,P
169,,16,Tyler,Thornburg,P
170,,16,Chadwick,Tromp,C
171,,16,William,Woods,P
172,,16,Kyle,Wright,P
173,,16,Kirby,Yates,P
174,,16,Huascar,Ynoa,P
175,,16,Danny,Young,P
176,,1,Jesus,Aguilar,1B
177,,1,Keegan,Akin,P
178,,1,Logan,Allen,P
179,,1,Jonathan,Arauz,SS
180,,1,Bryan,Baker,P
181,,1,Rylan,Bannon,3B
182,,1,Mike,Baumann,P
183,,1,Felix,Bautista,P
184,,1,Anthony,Bemboom,C
185,,1,Kyle,Bradish,P
186,,1,Yennier,Cano,P
187,,1,Robinson,Chirinos,C
188,,1,Yusniel,Diaz,OF
189,,1,Marcos,Diplan,P
190,,1,Chris,Ellis,P
191,,1,Paul,Fry,P
192,,1,Rico,Garcia,P
193,,1,Logan,Gillaspie,P
194,,1,Kelvin,Gutierrez,3B
195,,1,DL,Hall,P
196,,1,Austin,Hays,OF
197,,1,Louis,Head,P
198,,1,Gunnar,Henderson,SS
199,,1,Joey,Krehbiel,P
200,,1,Dean,Kremer,P
201,,1,Travis,Lakins,P
202,,1,Jorge,Lopez,P
203,,1,Zac,Lowther,P
204,,1,Jordan,Lyles,P
205,,1,Trey,Mancini,OF
206,,1,Richie,Martin,SS
207,,1,Jorge,Mateo,SS
208,,1,Ryan,McKenna,OF
209,,1,John,Means,P
210,,1,Ryan,Mountcastle,1B
211,,1,Cedric,Mullins,OF
212,,1,Tyler,Nevin,1B
213,,1,Rougned,Odor,2B
214,,1,Chris,Owings,2B
215,,1,Cionel,Perez,P
216,,1,Brett,Phillips,OF
217,,1,Jake,Reed,P
218,,1,Denyi,Reyes,P
219,,1,Adley,Rutschman,C
220,,1,Anthony,Santander,OF
221,,1,Cody,Sedlock,P
222,,1,DJ,Stewart,OF
223,,1,Kyle,Stowers,OF
224,,1,Beau,Sulser,P
225,,1,Dillon,Tate,P
226,,1,Ramon,Urias,2B
227,,1,Terrin,Vavra,2B
228,,1,Nick,Vespi,P
229,,1,Austin,Voth,P
230,,1,Spenser,Watkins,P
231,,1,Alex,Wells,P
232,,1,Tyler,Wells,P
233,,1,Bruce,Zimmermann,P
234,,2,Abraham,Almonte,OF
235,,2,Jonathan,Arauz,SS
236,,2,Christian,Arroyo,3B
237,,2,Matt,Barnes,P
238,,2,Eduard,Bazardo,P
239,,2,Brayan,Bello,P
240,,2,Xander,Bogaerts,SS
241,,2,Jackie,Bradley,OF
242,,2,Ryan,Brasier,P
243,,2,Triston,Casas,1B
244,,2,Yu,Chang,SS
245,,2,Franchy,Cordero,OF
246,,2,Kutter,Crawford,P
247,,2,Bobby,Dalbec,1B
248,,2,Tyler,Danish,P
249,,2,Austin,Davis,P
250,,2,Jaylin,Davis,OF
251,,2,Rafael,Devers,3B
252,,2,Jake,Diekman,P
253,,2,Jeter,Downs,SS
254,,2,Jarren,Duran,OF
255,,2,Nathan,Eovaldi,P
256,,2,Jeurys,Familia,P
257,,2,Michael,Feliz,P
258,,2,Franklin,German,P
259,,2,Darwinzon,Hernandez,P
260,,2,Enrique,Hernandez,OF
261,,2,Rich,Hill,P
262,,2,Eric,Hosmer,1B
263,,2,Tanner,Houck,P
264,,2,Zack,Kelly,P
265,,2,J. D.,Martinez,OF
266,,2,Reese,McGuire,C
267,,2,Kaleb,Ort,P
268,,2,Tommy,Pham,OF
269,,2,Nick,Pivetta,P
270,,2,Kevin,Plawecki,C
271,,2,Rob,Refsnyder,2B
272,,2,Hansel,Robles,P
273,,2,Chris,Sale,P
274,,2,Yolmer,Sanchez,2B
275,,2,Hirokazu,Sawamura,P
276,,2,John,Schreiber,P
277,,2,Connor,Seabold,P
278,,2,Travis,Shaw,1B
279,,2,Trevor,Story,SS
280,,2,Matt,Strahm,P
281,,2,Phillips,Valdez,P
282,,2,Christian,Vazquez,C
283,,2,Alex,Verdugo,OF
284,,2,Michael,Wacha,P
285,,2,Garrett,Whitlock,P
286,,2,Josh,Winckowski,P
287,,2,Connor,Wong,C
288,,3,Jose,Abreu,1B
289,,3,Tim,Anderson,SS
290,,3,Elvis,Andrus,SS
291,,3,Tanner,Banks,P
292,,3,Aaron,Bummer,P
293,,3,Jake,Burger,3B
294,,3,Ryan,Burr,P
295,,3,Dylan,Cease,P
296,,3,Kyle,Crick,P
297,,3,Johnny,Cueto,P
298,,3,Jake,Diekman,P
299,,3,Adam,Engel,OF
300,,3,Matt,Foster,P
301,,3,Leury,Garcia,OF
302,,3,Lucas,Giolito,P
303,,3,Romy,Gonzalez,OF
304,,3,Yasmani,Grandal,C
305,,3,Kendall,Graveman,P
306,,3,Josh,Harrison,2B
307,,3,Adam,Haseley,OF
308,,3,Liam,Hendriks,P
309,,3,Eloy,Jimenez,OF
310,,3,Joe,Kelly,P
311,,3,Dallas,Keuchel,P
312,,3,Michael,Kopech,P
313,,3,Jimmy,Lambert,P
314,,3,Reynaldo,Lopez,P
315,,3,Lance,Lynn,P
316,,3,Davis,Martin,P
317,,3,Reese,McGuire,C
318,,3,Danny,Mendick,SS
319,,3,Yoan,Moncada,3B
320,,3,Mark,Payton,OF
321,,3,Carlos,Perez,C
322,,3,AJ,Pollock,OF
323,,3,Luis,Robert,OF
324,,3,Jose,Ruiz,P
325,,3,Anderson,Severino,P
326,,3,Gavin,Sheets,OF
327,,3,Lenyn,Sosa,SS
328,,3,Bennett,Sousa,P
329,,3,Andrew,Vaughn,1B
330,,3,Vince,Velasquez,P
331,,3,Seby,Zavala,C
332,,17,Adbert,Alzolay,P
333,,17,Javier,Assad,P
334,,17,David,Bote,2B
335,,17,Steven,Brault,P
336,,17,Kervin,Castro,P
337,,17,Jesse,Chavez,P
338,,17,Willson,Contreras,C
339,,17,Narciso,Crook,OF
340,,17,Matt,Dermody,P
341,,17,Scott,Effross,P
342,,17,Anderson,Espinoza,P
343,,17,Jeremiah,Estrada,P
344,,17,Luke,Farrell,P
345,,17,Jackson,Frazier,OF
346,,17,Mychal,Givens,P
347,,17,Yan,Gomes,C
348,,17,Robert,Gsellman,P
349,,17,Ian,Happ,2B
350,,17,Kyle,Hendricks,P
351,,17,Michael,Hermosillo,OF
352,,17,Jason,Heyward,OF
353,,17,P. J.,Higgins,C
354,,17,Nico,Hoerner,SS
355,,17,Brandon,Hughes,P
356,,17,Caleb,Kilian,P
357,,17,Mark,Leiter,P
358,,17,Brendon,Little,P
359,,17,Nick,Madrigal,2B
360,,17,Chris,Martin,P
361,,17,Zach,McKinstry,2B
362,,17,Conner,Menez,P
363,,17,Wade,Miley,P
364,,17,Alec,Mills,P
365,,17,Christopher,Morel,3B
366,,17,Sean,Newcomb,P
367,,17,Daniel,Norris,P
368,,17,Rafael,Ortega,OF
369,,17,Nicholas,Padilla,P
370,,17,Esteban,Quiroz,2B
371,,17,Franmil,Reyes,OF
372,,17,Alfonso,Rivas,1B
373,,17,Ethan,Roberts,P
374,,17,David,Robertson,P
375,,17,Manuel,Rodriguez,P
376,,17,Michael,Rucker,P
377,,17,Adrian,Sampson,P
378,,17,Frank,Schwindel,1B
379,,17,Andrelton,Simmons,SS
380,,17,Drew,Smyly,P
381,,17,Locke,St. John,P
382,,17,Justin,Steele,P
383,,17,Eric,Stout,P
384,,17,Marcus,Stroman,P
385,,17,Seiya,Suzuki,OF
386,,17,Matt,Swarmer,P
387,,17,Keegan,Thompson,P
388,,17,Erich,Uelmen,P
389,,17,Ildemaro,Vargas,2B
390,,17,Nelson,Velazquez,OF
391,,17,Jonathan,Villar,SS
392,,17,Hayden,Wesneski,P
393,,17,Rowan,Wick,P
394,,17,Patrick,Wisdom,3B
395,,17,Jared,Young,1B
396,,18,Albert,Almora,OF
397,,18,Chase,Anderson,P
398,,18,Aristides,Aquino,OF
399,,18,Graham,Ashcraft,P
400,,18,Jose,Barrero,SS
401,,18,Luis,Castillo,P
402,,18,Luis,Cessa,P
403,,18,Fernando,Cruz,P
404,,18,Ronnie,Dawson,OF
405,,18,Ross,Detwiler,P
406,,18,Alexis,Diaz,P
407,,18,Phillip,Diehl,P
408,,18,Kyle,Dowdy,P
409,,18,Brandon,Drury,3B
410,,18,Daniel,Duarte,P
411,,18,Robert,Dugger,P
412,,18,Justin,Dunn,P
413,,18,Raynel,Espinal,P
414,,18,Stuart,Fairchild,OF
415,,18,Buck,Farmer,P
416,,18,Kyle,Farmer,C
417,,18,Luke,Farrell,P
418,,18,Jake,Fraley,OF
419,,18,TJ,Friedl,OF
420,,18,Aramis,Garcia,C
421,,18,Ian,Gibaut,P
422,,18,Hunter,Greene,P
423,,18,Vladimir,Gutierrez,P
424,,18,Ryan,Hendrix,P
425,,18,Jeff,Hoffman,P
426,,18,Jonathan,India,3B
427,,18,Mark,Kolozsvary,C
428,,18,Joel,Kuhnel,P
429,,18,Derek,Law,P
430,,18,Nick,Lodolo,P
431,,18,Alejo,Lopez,2B
432,,18,Tyler,Mahle,P
433,,18,Mike,Minor,P
434,,18,Colin,Moran,3B
435,,18,Dauri,Moreta,P
436,,18,Taylor,Motter,OF
437,,18,Mike,Moustakas,3B
438,,18,Tyler,Naquin,OF
439,,18,Chris,Okey,C
440,,18,Connor,Overton,P
441,,18,Michael,Papierski,C
442,,18,Tommy,Pham,OF
443,,18,Matt,Reynolds,SS
444,,18,JT,Riddle,SS
445,,18,Chuckie,Robinson,C
446,,18,Austin,Romine,C
447,,18,Reiver,Sanmartin,P
448,,18,Tony,Santillan,P
449,,18,Max,Schrock,2B
450,,18,Nick,Senzel,OF
451,,18,Mike,Siani,OF
452,,18,Lucas,Sims,P
453,,18,Donovan,Solano,2B
454,,18,Jared,Solomon,P
455,,18,Spencer,Steer,1B
456,,18,Tyler,Stephenson,C
457,,18,Hunter,Strickland,P
458,,18,Joey,Votto,1B
459,,18,Art,Warren,P
460,,18,Justin,Wilson,P
461,,18,T. J.,Zeuch,P
462,,4,Logan,Allen,P
463,,4,Gabriel,Arias,SS
464,,4,Will,Benson,OF
465,,4,Shane,Bieber,P
466,,4,Bobby,Bradley,1B
467,,4,Will,Brennan,OF
468,,4,Alex,Call,OF
469,,4,Anthony,Castro,P
470,,4,Yu,Chang,SS
471,,4,Aaron,Civale,P
472,,4,Emmanuel,Clase,P
473,,4,Ernie,Clement,2B
474,,4,Xzavion,Curry,P
475,,4,Enyel,De Los Santos,P
476,,4,Tyler,Freeman,SS
477,,4,Hunter,Gaddis,P
478,,4,Ian,Gibaut,P
479,,4,Andres,Gimenez,SS
480,,4,Oscar,Gonzalez,OF
481,,4,Anthony,Gose,OF
482,,4,Austin,Hedges,C
483,,4,Sam,Hentges,P
484,,4,Nolan,Jones,OF
485,,4,James,Karinchak,P
486,,4,Steven,Kwan,OF
487,,4,Bryan,Lavastida,C
488,,4,Sandy,Leon,C
489,,4,Luke,Maile,C
490,,4,Kirk,McCarty,P
491,,4,Triston,McKenzie,P
492,,4,Oscar,Mercado,OF
493,,4,Owen,Miller,SS
494,,4,Eli,Morgan,P
495,,4,Cody,Morris,P
496,,4,Bo,Naylor,C
497,,4,Josh,Naylor,OF
498,,4,Richie,Palacios,2B
499,,4,Konnor,Pilkington,P
500,,4,Zach,Plesac,P
501,,4,Cal,Quantrill,P
502,,4,Jose,Ramirez,SS
503,,4,Yohan,Ramirez,P
504,,4,Franmil,Reyes,OF
505,,4,Amed,Rosario,SS
506,,4,Nick,Sandlin,P
507,,4,Bryan,Shaw,P
508,,4,Trevor,Stephan,P
509,,4,Myles,Straw,OF
510,,4,Tanner,Tully,P
511,,4,Alex,Young,P
512,,19,Daniel,Bard,P
513,,19,Wynton,Bernard,OF
514,,19,Jake,Bird,P
515,,19,Ty,Blach,P
516,,19,Charlie,Blackmon,OF
517,,19,Sean,Bouchard,1B
518,,19,Kris,Bryant,3B
519,,19,Jhoulys,Chacin,P
520,,19,Alex,Colome,P
521,,19,C. J.,Cron,1B
522,,19,Noah,Davis,P
523,,19,Yonathan,Daza,OF
524,,19,Elias,Diaz,C
525,,19,Carlos,Estevez,P
526,,19,Ryan,Feltner,P
527,,19,Kyle,Freeland,P
528,,19,Lucas,Gilbreath,P
529,,19,Austin,Gomber,P
530,,19,Ashton,Goudeau,P
531,,19,Randal,Grichuk,OF
532,,19,Garrett,Hampson,SS
533,,19,Sam,Hilliard,OF
534,,19,Gavin,Hollowell,P
535,,19,Jose,Iglesias,SS
536,,19,Connor,Joe,3B
537,,19,Tyler,Kinley,P
538,,19,Chad,Kuhl,P
539,,19,Dinelson,Lamet,P
540,,19,Justin,Lawrence,P
541,,19,German,Marquez,P
542,,19,Ryan,McMahon,3B
543,,19,Elehuris,Montero,1B
544,,19,Dom,Nunez,C
545,,19,Brendan,Rodgers,SS
546,,19,Antonio,Senzatela,P
547,,19,Brian,Serven,C
548,,19,Jordan,Sheffield,P
549,,19,Chad,Smith,P
550,,19,Robert,Stephenson,P
551,,19,Michael,Toglia,1B
552,,19,Ezequiel,Tovar,SS
553,,19,Alan,Trejo,SS
554,,19,Jose,Urena,P
555,,5,Tyler,Alexander,P
556,,5,Akil,Baddoo,OF
557,,5,Javier,Baez,SS
558,,5,Jacob,Barnes,P
559,,5,Tucker,Barnhart,C
560,,5,Beau,Brieske,P
561,,5,Miguel,Cabrera,1B
562,,5,Daz,Cameron,OF
563,,5,Jeimer,Candelario,3B
564,,5,Drew,Carlton,P
565,,5,Kerry,Carpenter,OF
566,,5,Luis,Castillo,P
567,,5,Harold,Castro,3B
568,,5,Willi,Castro,SS
569,,5,Andrew,Chafin,P
570,,5,Jose,Cisnero,P
571,,5,Kody,Clemens,2B
572,,5,Brendon,Davis,3B
573,,5,Angel,De Jesus,P
574,,5,Miguel,Diaz,P
575,,5,Alex,Faedo,P
576,,5,Jason,Foley,P
577,,5,Michael,Fulmer,P
578,,5,Bryan,Garcia,P
579,,5,Rony,Garcia,P
580,,5,Dustin,Garneau,C
581,,5,Riley,Greene,OF
582,,5,Robbie,Grossman,OF
583,,5,Eric,Haase,C
584,,5,Derek,Hill,OF
585,,5,Garrett,Hill,P
586,,5,Drew,Hutchison,P
587,,5,Joe,Jimenez,P
588,,5,Ryan,Kreidler,3B
589,,5,Alex,Lange,P
590,,5,Derek,Law,P
591,,5,Josh,Lester,3B
592,,5,Matt,Manning,P
593,,5,Austin,Meadows,OF
594,,5,Casey,Mize,P
595,,5,Daniel,Norris,P
596,,5,Wily,Peralta,P
597,,5,Michael,Pineda,P
598,,5,Victor,Reyes,OF
599,,5,Eduardo,Rodriguez,P
600,,5,Elvin,Rodriguez,P
601,,5,Jonathan,Schoop,2B
602,,5,Zack,Short,SS
603,,5,Tarik,Skubal,P
604,,5,Gregory,Soto,P
605,,5,Spencer,Torkelson,3B
606,,5,Will,Vest,P
607,,5,Joey,Wentz,P
608,,6,Bryan,Abreu,P
609,,6,Jose,Altuve,2B
610,,6,Yordan,Alvarez,1B
611,,6,Pedro,Baez,P
612,,6,Brandon,Bielak,P
613,,6,Ronel,Blanco,P
614,,6,Michael,Brantley,OF
615,,6,Alex,Bregman,SS
616,,6,Hunter,Brown,P
617,,6,Jason,Castro,C
618,,6,Aledmys,Diaz,SS
619,,6,Yainer,Diaz,C
620,,6,Mauricio,Dubon,SS
621,,6,Luis,Garcia,P
622,,6,Niko,Goodrum,OF
623,,6,Yuli,Gurriel,3B
624,,6,David,Hensley,2B
625,,6,Cristian,Javier,P
626,,6,Taylor,Jones,1B
627,,6,Korey,Lee,C
628,,6,Martin,Maldonado,C
629,,6,Trey,Mancini,OF
630,,6,Seth,Martinez,P
631,,6,J. J.,Matijevic,1B
632,,6,Phil,Maton,P
633,,6,Chas,McCormick,OF
634,,6,Lance,McCullers,P
635,,6,Jake,Meyers,OF
636,,6,Rafael,Montero,P
637,,6,Parker,Mushinski,P
638,,6,Hector,Neris,P
639,,6,Jake,Odorizzi,P
640,,6,Enoli,Paredes,P
641,,6,Jeremy,Pena,SS
642,,6,Joe,Perez,3B
643,,6,Ryan,Pressly,P
644,,6,Jose,Siri,OF
645,,6,Will,Smith,P
646,,6,Ryne,Stanek,P
647,,6,Blake,Taylor,P
648,,6,Kyle,Tucker,OF
649,,6,Jose,Urquidy,P
650,,6,Framber,Valdez,P
651,,6,Christian,Vazquez,C
652,,6,Justin,Verlander,P
653,,7,Albert,Abreu,P
654,,7,Scott,Barlow,P
655,,7,Andrew,Benintendi,OF
656,,7,Dairon,Blanco,OF
657,,7,Ronald,Bolanos,P
658,,7,Jake,Brentz,P
659,,7,Kris,Bubic,P
660,,7,Max,Castillo,P
661,,7,Taylor,Clarke,P
662,,7,Dylan,Coleman,P
663,,7,Jose,Cuas,P
664,,7,Hunter,Dozier,OF
665,,7,Nate,Eaton,OF
666,,7,Freddy,Fermin,C
667,,7,Cam,Gallagher,C
668,,7,Maikel,Garcia,SS
669,,7,Amir,Garrett,P
670,,7,Zack,Greinke,P
671,,7,Foster,Griffin,P
672,,7,Jonathan,Heasley,P
673,,7,Carlos,Hernandez,P
674,,7,Brewer,Hicklen,OF
675,,7,Kyle,Isbel,OF
676,,7,Brad,Keller,P
677,,7,Jackson,Kowar,P
678,,7,Nicky,Lopez,SS
679,,7,Daniel,Lynch,P
680,,7,Michael,Massey,2B
681,,7,MJ,Melendez,C
682,,7,Daniel,Mengden,P
683,,7,Whit,Merrifield,OF
684,,7,Wyatt,Mills,P
685,,7,Anthony,Misiewicz,P
686,,7,Adalberto,Mondesi,SS
687,,7,Ryan,O`Hearn,1B
688,,7,Edward,Olivares,OF
689,,7,Vinnie,Pasquantino,1B
690,,7,Joel,Payamps,P
691,,7,Matt,Peacock,P
692,,7,Salvador,Perez,C
693,,7,Nick,Pratto,1B
694,,7,Emmanuel,Rivera,3B
695,,7,Sebastian,Rivero,C
696,,7,Brent,Rooker,OF
697,,7,Carlos,Santana,1B
698,,7,Brady,Singer,P
699,,7,Collin,Snider,P
700,,7,Gabe,Speier,P
701,,7,Josh,Staumont,P
702,,7,Michael,Taylor,OF
703,,7,Arodys,Vizcaino,P
704,,7,Drew,Waters,OF
705,,7,Luke,Weaver,P
706,,7,Bobby,Witt,SS
707,,7,Angel,Zerpa,P
708,,20,Hanser,Alberto,2B
709,,20,Yency,Almonte,P
710,,20,Eddy,Alvarez,SS
711,,20,Tyler,Anderson,P
712,,20,Austin,Barnes,C
713,,20,Cody,Bellinger,1B
714,,20,Mookie,Betts,OF
715,,20,Phil,Bickford,P
716,,20,Justin,Bruihl,P
717,,20,Walker,Buehler,P
718,,20,Garrett,Cleavinger,P
719,,20,Robbie,Erlin,P
720,,20,Caleb,Ferguson,P
721,,20,Freddie,Freeman,1B
722,,20,Joey,Gallo,OF
723,,20,Tony,Gonsolin,P
724,,20,Brusdar,Graterol,P
725,,20,Shane,Greene,P
726,,20,Michael,Grove,P
727,,20,Andrew,Heaney,P
728,,20,Heath,Hembree,P
729,,20,Daniel,Hudson,P
730,,20,Andre,Jackson,P
731,,20,Tommy,Kahnle,P
732,,20,Clayton,Kershaw,P
733,,20,Craig,Kimbrel,P
734,,20,Jake,Lamb,3B
735,,20,Gavin,Lux,2B
736,,20,Chris,Martin,P
737,,20,Dustin,May,P
738,,20,Zach,McKinstry,2B
739,,20,Reyes,Moronta,P
740,,20,Max,Muncy,1B
741,,20,James,Outman,OF
742,,20,Ryan,Pepiot,P
743,,20,Evan,Phillips,P
744,,20,Kevin,Pillar,OF
745,,20,David,Price,P
746,,20,Jake,Reed,P
747,,20,Edwin,Rios,3B
748,,20,Will,Smith,C
749,,20,Chris,Taylor,SS
750,,20,Trayce,Thompson,OF
751,,20,Blake,Treinen,P
752,,20,Justin,Turner,3B
753,,20,Trea,Turner,SS
754,,20,Julio,Urias,P
755,,20,Miguel,Vargas,3B
756,,20,Alex,Vesia,P
757,,20,Mitch,White,P
758,,20,Tony,Wolters,C
759,,21,Jesus,Aguilar,1B
760,,21,Sandy,Alcantara,P
761,,21,Brian,Anderson,3B
762,,21,Shawn,Armstrong,P
763,,21,Willians,Astudillo,C
764,,21,Anthony,Bass,P
765,,21,Anthony,Bender,P
766,,21,Jon,Berti,3B
767,,21,JJ,Bleday,OF
768,,21,Richard,Bleier,P
769,,21,Huascar,Brazoban,P
770,,21,Jeff,Brigham,P
771,,21,Peyton,Burdick,OF
772,,21,Edward,Cabrera,P
773,,21,Daniel,Castano,P
774,,21,Jazz,Chisholm,SS
775,,21,Garrett,Cooper,1B
776,,21,Bryan,De La Cruz,OF
777,,21,Lewin,Diaz,1B
778,,21,Joe,Dunand,3B
779,,21,Jerar,Encarnacion,OF
780,,21,Jake,Fishman,P
781,,21,Dylan,Floro,P
782,,21,Nick,Fortes,C
783,,21,Avisail,Garcia,OF
784,,21,Braxton,Garrett,P
785,,21,Erik,Gonzalez,SS
786,,21,Jordan,Groshans,SS
787,,21,Billy,Hamilton,OF
788,,21,Louis,Head,P
789,,21,Payton,Henry,C
790,,21,Elieser,Hernandez,P
791,,21,Bryan,Hoeing,P
792,,21,Jordan,Holloway,P
793,,21,A. J.,Ladwig,P
794,,21,Charles,Leblanc,SS
795,,21,Pablo,Lopez,P
796,,21,Jesus,Luzardo,P
797,,21,Max,Meyer,P
798,,21,Tommy,Nance,P
799,,21,Andrew,Nardi,P
800,,21,Nick,Neidert,P
801,,21,Steven,Okert,P
802,,21,Zach,Pop,P
803,,21,Cody,Poteet,P
804,,21,Trevor,Rogers,P
805,,21,Miguel,Rojas,SS
806,,21,Jesus,Sanchez,OF
807,,21,Tanner,Scott,P
808,,21,Jorge,Soler,OF
809,,21,Jacob,Stallings,C
810,,21,Cole,Sulser,P
811,,21,Joey,Wendle,2B
812,,21,Luke,Williams,3B
813,,21,Jimmy,Yacabonis,P
814,,21,Aneurys,Zabala,P
815,,22,Willy,Adames,SS
816,,22,Jason,Alexander,P
817,,22,Aaron,Ashby,P
818,,22,Luke,Barker,P
819,,22,Brad,Boxberger,P
820,,22,Mike,Brosseau,3B
821,,22,Corbin,Burnes,P
822,,22,Matt,Bush,P
823,,22,Lorenzo,Cain,OF
824,,22,Victor,Caratini,C
825,,22,Jake,Cousins,P
826,,22,Jonathan,Davis,OF
827,,22,Mario,Feliciano,C
828,,22,Chi Chi,Gonzalez,P
829,,22,Trevor,Gott,P
830,,22,Jandel,Gustave,P
831,,22,Josh,Hader,P
832,,22,Keston,Hiura,2B
833,,22,Adrian,Houser,P
834,,22,Alex,Jackson,C
835,,22,Trevor,Kelley,P
836,,22,Eric,Lauer,P
837,,22,Mark,Mathias,2B
838,,22,Andrew,McCutchen,OF
839,,22,Jake,McGee,P
840,,22,J. C.,Mejia,P
841,,22,Hoby,Milner,P
842,,22,Garrett,Mitchell,OF
843,,22,Omar,Narvaez,C
844,,22,Freddy,Peralta,P
845,,22,Luis,Perdomo,P
846,,22,Jace,Peterson,2B
847,,22,Hunter,Renfroe,OF
848,,22,Pablo,Reyes,OF
849,,22,Taylor,Rogers,P
850,,22,Esteury,Ruiz,OF
851,,22,Connor,Sadzeck,P
852,,22,Miguel,Sanchez,P
853,,22,Pedro,Severino,C
854,,22,Ethan,Small,P
855,,22,Peter,Strzelecki,P
856,,22,Brent,Suter,P
857,,22,Tyrone,Taylor,OF
858,,22,Rowdy,Tellez,1B
859,,22,Justin,Topa,P
860,,22,Jose,Urena,P
861,,22,Luis,Urias,2B
862,,22,Devin,Williams,P
863,,22,Kolten,Wong,2B
864,,22,Brandon,Woodruff,P
865,,22,Christian,Yelich,OF
866,,8,Jorge,Alcala,P
867,,8,Chris,Archer,P
868,,8,Luis,Arraez,2B
869,,8,Tim,Beckham,2B
870,,8,Dylan,Bundy,P
871,,8,Byron,Buxton,OF
872,,8,Yennier,Cano,P
873,,8,Jake,Cave,OF
874,,8,Gilberto,Celestino,OF
875,,8,Mark,Contreras,OF
876,,8,Carlos,Correa,SS
877,,8,Jharel,Cotton,P
878,,8,Danny,Coulombe,P
879,,8,Austin,Davis,P
880,,8,Tyler,Duffey,P
881,,8,Jhoan,Duran,P
882,,8,Michael,Fulmer,P
883,,8,Kyle,Garlick,OF
884,,8,Jose,Godoy,C
885,,8,Chi Chi,Gonzalez,P
886,,8,Nick,Gordon,2B
887,,8,Sonny,Gray,P
888,,8,Billy,Hamilton,OF
889,,8,Caleb,Hamilton,C
890,,8,Ian,Hamilton,P
891,,8,Ronny,Henriquez,P
892,,8,Griffin,Jax,P
893,,8,Ryan,Jeffers,C
894,,8,Max,Kepler,OF
895,,8,Alex,Kirilloff,OF
896,,8,Trevor,Larnach,OF
897,,8,Sandy,Leon,C
898,,8,Royce,Lewis,SS
899,,8,Jorge,Lopez,P
900,,8,Tyler,Mahle,P
901,,8,Trevor,Megill,P
902,,8,Juan,Minaya,P
903,,8,Jose,Miranda,2B
904,,8,Jovani,Moran,P
905,,8,Bailey,Ober,P
906,,8,Chris,Paddack,P
907,,8,Emilio,Pagan,P
908,,8,Jermaine,Palacios,SS
909,,8,Jorge,Polanco,SS
910,,8,Dereck,Rodriguez,P
911,,8,Jhon,Romero,P
912,,8,Joe,Ryan,P
913,,8,Aaron,Sanchez,P
914,,8,Gary,Sanchez,C
915,,8,Cole,Sands,P
916,,8,Miguel,Sano,1B
917,,8,Devin,Smeltzer,P
918,,8,Joe,Smith,P
919,,8,Cody,Stashak,P
920,,8,Caleb,Thielbar,P
921,,8,Tyler,Thornburg,P
922,,8,Gio,Urshela,3B
923,,8,Louie,Varland,P
924,,8,Matt,Wallner,OF
925,,8,Josh,Winder,P
926,,8,Simeon,Woods Richardson,P
927,,9,Albert,Abreu,P
928,,9,Miguel,Andujar,3B
929,,9,Harrison,Bader,OF
930,,9,Anthony,Banda,P
931,,9,Manny,Banuelos,P
932,,9,Luke,Bard,P
933,,9,Jacob,Barnes,P
934,,9,Andrew,Benintendi,OF
935,,9,Rob,Brantly,C
936,,9,Zack,Britton,P
937,,9,Oswaldo,Cabrera,SS
938,,9,Matt,Carpenter,3B
939,,9,Miguel,Castro,P
940,,9,Aroldis,Chapman,P
941,,9,Gerrit,Cole,P
942,,9,Nestor,Cortes,P
943,,9,Josh,Donaldson,3B
944,,9,Scott,Effross,P
945,,9,Estevan,Florial,OF
946,,9,Joey,Gallo,OF
947,,9,Domingo,German,P
948,,9,Luis,Gil,P
949,,9,Chi Chi,Gonzalez,P
950,,9,Marwin,Gonzalez,1B
951,,9,Chad,Green,P
952,,9,Shane,Greene,P
953,,9,Ronald,Guzman,1B
954,,9,Aaron,Hicks,OF
955,,9,Kyle,Higashioka,C
956,,9,Clay,Holmes,P
957,,9,Aaron,Judge,OF
958,,9,Isiah,Kiner-Falefa,3B
959,,9,Michael,King,P
960,,9,DJ,LeMahieu,2B
961,,9,Jonathan,Loaisiga,P
962,,9,Tim,Locastro,2B
963,,9,Lucas,Luetge,P
964,,9,Ron,Marinaccio,P
965,,9,David,McKay,P
966,,9,Frankie,Montas,P
967,,9,Jordan,Montgomery,P
968,,9,Wandy,Peralta,P
969,,9,Oswald,Peraza,SS
970,,9,Anthony,Rizzo,1B
971,,9,Clarke,Schmidt,P
972,,9,JP,Sears,P
973,,9,Luis,Severino,P
974,,9,Giancarlo,Stanton,OF
975,,9,Jameson,Taillon,P
976,,9,Gleyber,Torres,2B
977,,9,Jose,Trevino,C
978,,9,Lou,Trivino,P
979,,9,Ryan,Weber,P
980,,9,Greg,Weissert,P
981,,23,Pete,Alonso,1B
982,,23,Francisco,Alvarez,C
983,,23,R. J.,Alvarez,P
984,,23,Chris,Bassitt,P
985,,23,Brett,Baty,3B
986,,23,Travis,Blankenhorn,2B
987,,23,Jose,Butto,P
988,,23,Mark,Canha,1B
989,,23,Robinson,Cano,2B
990,,23,Carlos,Carrasco,P
991,,23,Alex,Claudio,P
992,,23,Sam,Clay,P
993,,23,J. D.,Davis,3B
994,,23,Edwin,Diaz,P
995,,23,Eduardo,Escobar,3B
996,,23,Nate,Fisher,P
997,,23,Mychal,Givens,P
998,,23,Terrance,Gore,OF
999,,23,Luis,Guillorme,SS
1000,,23,Colin,Holderman,P
1001,,23,Tommy,Hunter,P
1002,,23,Ender,Inciarte,OF
1003,,23,Travis,Jankowski,OF
1004,,23,Khalil,Lee,OF
1005,,23,Francisco,Lindor,SS
1006,,23,Yoan,Lopez,P
1007,,23,Seth,Lugo,P
1008,,23,Deven,Marrero,3B
1009,,23,Starling,Marte,OF
1010,,23,Trevor,May,P
1011,,23,Patrick,Mazeika,C
1012,,23,James,McCann,C
1013,,23,Jeff,McNeil,2B
1014,,23,Adonis,Medina,P
1015,,23,Tylor,Megill,P
1016,,23,Bryce,Montes de Oca,P
1017,,23,Tyler,Naquin,OF
1018,,23,Tomas,Nido,C
1019,,23,Brandon,Nimmo,OF
1020,,23,Stephen,Nogosek,P
1021,,23,Adam,Ottavino,P
1022,,23,Michael,Perez,C
1023,,23,David,Peterson,P
1024,,23,Nick,Plummer,OF
1025,,23,Jake,Reed,P
1026,,23,Sean,Reid-Foley,P
1027,,23,Matt,Reynolds,SS
1028,,23,Joely,Rodriguez,P
1029,,23,Darin,Ruf,1B
1030,,23,Yolmer,Sanchez,2B
1031,,23,Max,Scherzer,P
1032,,23,Chasen,Shreve,P
1033,,23,Dominic,Smith,1B
1034,,23,Drew,Smith,P
1035,,23,Thomas,Szapucki,P
1036,,23,Mark,Vientos,3B
1037,,23,Daniel,Vogelbach,1B
1038,,23,Taijuan,Walker,P
1039,,23,Trevor,Williams,P
1040,,23,Rob,Zastryzny,P
1041,,23,Jacob,deGrom,P
1042,,10,Domingo,Acevedo,P
1043,,10,Austin,Allen,C
1044,,10,Nick,Allen,SS
1045,,10,Elvis,Andrus,SS
1046,,10,Luis,Barrera,OF
1047,,10,Christian,Bethancourt,1B
1048,,10,Paul,Blackburn,P
1049,,10,Skye,Bolt,OF
1050,,10,Jonah,Bride,1B
1051,,10,Seth,Brown,1B
1052,,10,Conner,Capel,OF
1053,,10,Ryan,Castellani,P
1054,,10,Ernie,Clement,2B
1055,,10,Tyler,Cyr,P
1056,,10,Matt,Davidson,3B
1057,,10,Jordan,Diaz,3B
1058,,10,Dermis,Garcia,1B
1059,,10,Justin,Grimm,P
1060,,10,Cole,Irvin,P
1061,,10,Drew,Jackson,SS
1062,,10,Zach,Jackson,P
1063,,10,Daulton,Jefferies,P
1064,,10,Dany,Jimenez,P
1065,,10,James,Kaprielian,P
1066,,10,Tony,Kemp,OF
1067,,10,Jared,Koenig,P
1068,,10,Adam,Kolarek,P
1069,,10,Shea,Langeliers,C
1070,,10,Ramon,Laureano,OF
1071,,10,Jacob,Lemoine,P
1072,,10,Zach,Logue,P
1073,,10,Christian,Lopes,2B
1074,,10,Jed,Lowrie,3B
1075,,10,David,MacKinnon,1B
1076,,10,Vimael,Machin,2B
1077,,10,Parker,Markel,P
1078,,10,Adrian,Martinez,P
1079,,10,Mickey,McDonald,OF
1080,,10,David,McKay,P
1081,,10,Billy,McKinney,OF
1082,,10,Sam,Moll,P
1083,,10,Nate,Mondou,2B
1084,,10,Frankie,Montas,P
1085,,10,Sean,Murphy,C
1086,,10,Sheldon,Neuse,3B
1087,,10,Adam,Oller,P
1088,,10,Cristian,Pache,OF
1089,,10,Joel,Payamps,P
1090,,10,Chad,Pinder,SS
1091,,10,Stephen,Piscotty,OF
1092,,10,Austin,Pruitt,P
1093,,10,A. J.,Puk,P
1094,,10,Norge,Ruiz,P
1095,,10,JP,Sears,P
1096,,10,Sam,Selman,P
1097,,10,Kevin,Smith,SS
1098,,10,Kirby,Snead,P
1099,,10,Cal,Stevenson,OF
1100,,10,Domingo,Tapia,P
1101,,10,Cody,Thomas,OF
1102,,10,Lou,Trivino,P
1103,,10,Stephen,Vogt,C
1104,,10,Ken,Waldichuk,P
1105,,10,Collin,Wiles,P
1106,,24,Jose,Alvarado,P
1107,,24,Mark,Appel,P
1108,,24,Andrew,Bellatti,P
1109,,24,Alec,Bohm,3B
1110,,24,Connor,Brogdon,P
1111,,24,Johan,Camargo,SS
1112,,24,Nick,Castellanos,3B
1113,,24,Sam,Coonrod,P
1114,,24,Tyler,Cyr,P
1115,,24,Chris,Devenski,P
1116,,24,Seranthony,Dominguez,P
1117,,24,Nick,Duron,P
1118,,24,Zach,Eflin,P
1119,,24,Bailey,Falter,P
1120,,24,Jeurys,Familia,P
1121,,24,Kyle,Gibson,P
1122,,24,Didi,Gregorius,SS
1123,,24,Dalton,Guthrie,3B
1124,,24,Darick,Hall,1B
1125,,24,Brad,Hand,P
1126,,24,Bryce,Harper,OF
1127,,24,Odubel,Herrera,OF
1128,,24,Rhys,Hoskins,1B
1129,,24,Damon,Jones,P
1130,,24,Michael,Kelly,P
1131,,24,Scott,Kingery,2B
1132,,24,Corey,Knebel,P
1133,,24,Brandon,Marsh,OF
1134,,24,Nick,Maton,SS
1135,,24,Oscar,Mercado,OF
1136,,24,Mickey,Moniak,OF
1137,,24,Francisco,Morales,P
1138,,24,Yairo,Munoz,SS
1139,,24,Simon,Muzziotti,OF
1140,,24,Nick,Nelson,P
1141,,24,Vinny,Nittoli,P
1142,,24,Aaron,Nola,P
1143,,24,James,Norwood,P
1144,,24,Michael,Plassmeyer,P
1145,,24,Roman,Quinn,OF
1146,,24,J. T.,Realmuto,C
1147,,24,David,Robertson,P
1148,,24,JoJo,Romero,P
1149,,24,Bubby,Rossman,P
1150,,24,Cristopher,Sanchez,P
1151,,24,Donny,Sands,C
1152,,24,Kyle,Schwarber,OF
1153,,24,Jean,Segura,SS
1154,,24,Edmundo,Sosa,SS
1155,,24,Bryson,Stott,SS
1156,,24,Garrett,Stubbs,C
1157,,24,Ranger,Suarez,P
1158,,24,Noah,Syndergaard,P
1159,,24,Matt,Vierling,OF
1160,,24,Zack,Wheeler,P
1161,,24,Bradley,Zimmer,OF
1162,,25,Anthony,Alford,OF
1163,,25,Cam,Alldred,P
1164,,25,Greg,Allen,OF
1165,,25,Miguel,Andujar,3B
1166,,25,Ji Hwan,Bae,2B
1167,,25,Anthony,Banda,P
1168,,25,Manny,Banuelos,P
1169,,25,David,Bednar,P
1170,,25,Tyler,Beede,P
1171,,25,Austin,Brice,P
1172,,25,JT,Brubaker,P
1173,,25,Diego,Castillo,3B
1174,,25,Rodolfo,Castro,2B
1175,,25,Yu,Chang,SS
1176,,25,Michael,Chavis,3B
1177,,25,Zack,Collins,C
1178,,25,Roansy,Contreras,P
1179,,25,Wil,Crowe,P
1180,,25,Oneil,Cruz,SS
1181,,25,Chase,De Jong,P
1182,,25,Yerry,De Los Santos,P
1183,,25,Jason,Delay,C
1184,,25,Jerad,Eickhoff,P
1185,,25,Junior,Fernandez,P
1186,,25,Aaron,Fletcher,P
1187,,25,Ben,Gamel,OF
1188,,25,Jose,Godoy,C
1189,,25,Ke`Bryan,Hayes,3B
1190,,25,Tyler,Heineman,C
1191,,25,Heath,Hembree,P
1192,,25,Colin,Holderman,P
1193,,25,Sam,Howard,P
1194,,25,Mitch,Keller,P
1195,,25,Andrew,Knapp,C
1196,,25,Max,Kranick,P
1197,,25,Bligh,Madris,OF
1198,,25,Tucupita,Marcano,3B
1199,,25,Jake,Marisnick,OF
1200,,25,Nick,Mears,P
1201,,25,Cal,Mitchell,OF
1202,,25,Kevin,Newman,2B
1203,,25,Luis,Ortiz,P
1204,,25,Johan,Oviedo,P
1205,,25,Kevin,Padlo,3B
1206,,25,Hoy,Park,OF
1207,,25,Liover,Peguero,SS
1208,,25,Michael,Perez,C
1209,,25,Roberto,Perez,C
1210,,25,Dillon,Peters,P
1211,,25,Jose,Quintana,P
1212,,25,Yohan,Ramirez,P
1213,,25,Bryan,Reynolds,OF
1214,,25,Canaan,Smith-Njigba,OF
1215,,25,Robert,Stephenson,P
1216,,25,Eric,Stout,P
1217,,25,Chris,Stratton,P
1218,,25,Beau,Sulser,P
1219,,25,Jack,Suwinski,OF
1220,,25,Travis,Swaggerty,OF
1221,,25,Zach,Thompson,P
1222,,25,Yoshi,Tsutsugo,OF
1223,,25,Cole,Tucker,SS
1224,,25,Duane,Underwood,P
1225,,25,Josh,VanMeter,2B
1226,,25,Cam,Vieaux,P
1227,,25,Daniel,Vogelbach,1B
1228,,25,Bryse,Wilson,P
1229,,25,Miguel,Yajure,P
1230,,26,CJ,Abrams,SS
1231,,26,Austin,Adams,P
1232,,26,Sergio,Alcantara,SS
1233,,26,Jorge,Alfaro,C
1234,,26,Pedro,Avila,P
1235,,26,Jose,Azocar,OF
1236,,26,Michel,Baez,P
1237,,26,Matthew,Batten,2B
1238,,26,Matt,Beaty,1B
1239,,26,Josh,Bell,1B
1240,,26,Luis,Campusano,C
1241,,26,Robinson,Cano,2B
1242,,26,Jose,Castillo,P
1243,,26,Mike,Clevinger,P
1244,,26,Nabil,Crismatt,P
1245,,26,Jake,Cronenworth,SS
1246,,26,Yu,Darvish,P
1247,,26,Brandon,Dixon,OF
1248,,26,Brandon,Drury,3B
1249,,26,Luis,Garcia,P
1250,,26,MacKenzie,Gore,P
1251,,26,Trent,Grisham,OF
1252,,26,Javy,Guerra,SS
1253,,26,Josh,Hader,P
1254,,26,Tim,Hill,P
1255,,26,Eric,Hosmer,1B
1256,,26,Pierce,Johnson,P
1257,,26,Ray,Kerr,P
1258,,26,Ha-Seong,Kim,SS
1259,,26,Reiss,Knehr,P
1260,,26,Dinelson,Lamet,P
1261,,26,Luis,Liberato,OF
1262,,26,Manny,Machado,3B
1263,,26,Sean,Manaea,P
1264,,26,Nick,Martinez,P
1265,,26,Nomar,Mazara,OF
1266,,26,Adrian,Morejon,P
1267,,26,Joe,Musgrove,P
1268,,26,Wil,Myers,OF
1269,,26,Austin,Nola,1B
1270,,26,Jurickson,Profar,2B
1271,,26,Taylor,Rogers,P
1272,,26,Brent,Rooker,OF
1273,,26,Eguy,Rosario,2B
1274,,26,Esteury,Ruiz,OF
1275,,26,Tayler,Scott,P
1276,,26,Blake,Snell,P
1277,,26,Juan,Soto,OF
1278,,26,Craig,Stammen,P
1279,,26,Robert,Suarez,P
1280,,26,Trayce,Thompson,OF
1281,,26,Kyle,Tyler,P
1282,,26,Luke,Voit,1B
1283,,26,Ryan,Weathers,P
1284,,26,Steven,Wilson,P
1285,,11,Brennan,Bernardino,P
1286,,11,Ryan,Borucki,P
1287,,11,Matt,Boyd,P
1288,,11,Matt,Brash,P
1289,,11,Curt,Casali,C
1290,,11,Diego,Castillo,P
1291,,11,Luis,Castillo,P
1292,,11,J. P.,Crawford,SS
1293,,11,Roenis,Elias,P
1294,,11,Drew,Ellis,3B
1295,,11,Stuart,Fairchild,OF
1296,,11,Matthew,Festa,P
1297,,11,Chris,Flexen,P
1298,,11,Mike,Ford,1B
1299,,11,Ty,France,3B
1300,,11,Adam,Frazier,1B
1301,,11,Logan,Gilbert,P
1302,,11,Ken,Giles,P
1303,,11,Marco,Gonzales,P
1304,,11,Sam,Haggerty,2B
1305,,11,Mitch,Haniger,OF
1306,,11,Travis,Jankowski,OF
1307,,11,Jarred,Kelenic,OF
1308,,11,George,Kirby,P
1309,,11,Andrew,Knapp,C
1310,,11,Matt,Koch,P
1311,,11,Jake,Lamb,3B
1312,,11,Jack,Larsen,OF
1313,,11,Kyle,Lewis,OF
1314,,11,Wyatt,Mills,P
1315,,11,Tommy,Milone,P
1316,,11,Anthony,Misiewicz,P
1317,,11,Dylan,Moore,3B
1318,,11,Andres,Munoz,P
1319,,11,Penn,Murfee,P
1320,,11,Tom,Murphy,C
1321,,11,Riley,O`Brien,P
1322,,11,Brian,O`Keefe,C
1323,,11,Kevin,Padlo,3B
1324,,11,Cal,Raleigh,C
1325,,11,Yohan,Ramirez,P
1326,,11,Robbie,Ray,P
1327,,11,Julio,Rodriguez,OF
1328,,11,Sergio,Romo,P
1329,,11,Carlos,Santana,1B
1330,,11,Paul,Sewald,P
1331,,11,Justus,Sheffield,P
1332,,11,Steven,Souza,OF
1333,,11,Drew,Steckenrider,P
1334,,11,Eugenio,Suarez,SS
1335,,11,Erik,Swanson,P
1336,,11,Abraham,Toro,3B
1337,,11,Luis,Torrens,C
1338,,11,Taylor,Trammell,OF
1339,,11,Justin,Upton,OF
1340,,11,Donovan,Walton,2B
1341,,11,Marcus,Wilson,OF
1342,,11,Jesse,Winker,P
1343,,11,Danny,Young,P
1344,,27,Scott,Alexander,P
1345,,27,Jose,Alvarez,P
1346,,27,Joey,Bart,C
1347,,27,Tyler,Beede,P
1348,,27,Brandon,Belt,1B
1349,,27,John,Brebbia,P
1350,,27,Lewis,Brinson,OF
1351,,27,Willie,Calhoun,OF
1352,,27,Curt,Casali,C
1353,,27,Kervin,Castro,P
1354,,27,Alex,Cobb,P
1355,,27,Jharel,Cotton,P
1356,,27,Brandon,Crawford,SS
1357,,27,J. D.,Davis,3B
1358,,27,Anthony,DeSclafani,P
1359,,27,Austin,Dean,OF
1360,,27,Camilo,Doval,P
1361,,27,Mauricio,Dubon,SS
1362,,27,Steven,Duggar,OF
1363,,27,Thairo,Estrada,SS
1364,,27,Stuart,Fairchild,OF
1365,,27,Wilmer,Flores,SS
1366,,27,Mike,Ford,1B
1367,,27,Jarlin,Garcia,P
1368,,27,Luis,Gonzalez,OF
1369,,27,Sean,Hjelle,P
1370,,27,Bryce,Johnson,OF
1371,,27,Jakob,Junis,P
1372,,27,Andrew,Knapp,C
1373,,27,Jason,Krizan,OF
1374,,27,Tommy,La Stella,2B
1375,,27,Dominic,Leone,P
1376,,27,Zack,Littell,P
1377,,27,Mauricio,Llovera,P
1378,,27,Sam,Long,P
1379,,27,Evan,Longoria,3B
1380,,27,Dixon,Machado,SS
1381,,27,Yunior,Marte,P
1382,,27,Jake,McGee,P
1383,,27,Yermin,Mercedes,C
1384,,27,Shelby,Miller,P
1385,,27,Luis,Ortiz,P
1386,,27,Kevin,Padlo,3B
1387,,27,Michael,Papierski,C
1388,,27,Joc,Pederson,OF
1389,,27,Ford,Proctor,C
1390,,27,Heliot,Ramos,OF
1391,,27,Carlos,Rodon,P
1392,,27,Tyler,Rogers,P
1393,,27,Darin,Ruf,1B
1394,,27,Gregory,Santos,P
1395,,27,Austin,Slater,OF
1396,,27,Thomas,Szapucki,P
1397,,27,Ka`ai,Tom,OF
1398,,27,Andrew,Vasquez,P
1399,,27,David,Villar,3B
1400,,27,Jason,Vosler,3B
1401,,27,LaMonte,Wade,OF
1402,,27,Cole,Waites,P
1403,,27,Donovan,Walton,2B
1404,,27,Logan,Webb,P
1405,,27,Luke,Williams,3B
1406,,27,Alex,Wood,P
1407,,27,Austin,Wynns,P
1408,,27,Mike,Yastrzemski,OF
1409,,27,Alex,Young,P
1410,,28,Nolan,Arenado,3B
1411,,28,Harrison,Bader,OF
1412,,28,Aaron,Brooks,P
1413,,28,Alec,Burleson,OF
1414,,28,Genesis,Cabrera,P
1415,,28,Conner,Capel,OF
1416,,28,Dylan,Carlson,OF
1417,,28,Paul,DeJong,3B
1418,,28,Ben,DeLuzio,OF
1419,,28,Corey,Dickerson,OF
1420,,28,Brendan,Donovan,2B
1421,,28,Tommy,Edman,SS
1422,,28,Junior,Fernandez,P
1423,,28,Jack,Flaherty,P
1424,,28,Giovanny,Gallegos,P
1425,,28,Paul,Goldschmidt,1B
1426,,28,Nolan,Gorman,2B
1427,,28,Ryan,Helsley,P
1428,,28,Ivan,Herrera,C
1429,,28,Jordan,Hicks,P
1430,,28,Dakota,Hudson,P
1431,,28,Andrew,Knizner,C
1432,,28,Matthew,Liberatore,P
1433,,28,Steven,Matz,P
1434,,28,T. J.,McFarland,P
1435,,28,Miles,Mikolas,P
1436,,28,Yadier,Molina,C
1437,,28,Jordan,Montgomery,P
1438,,28,James,Naile,P
1439,,28,Packy,Naughton,P
1440,,28,Lars,Nootbaar,OF
1441,,28,Tyler,O`Neill,OF
1442,,28,Johan,Oviedo,P
1443,,28,Andre,Pallante,P
1444,,28,Albert,Pujols,1B
1445,,28,Jose,Quintana,P
1446,,28,Kramer,Robertson,2B
1447,,28,JoJo,Romero,P
1448,,28,Austin,Romine,C
1449,,28,Angel,Rondon,P
1450,,28,Edmundo,Sosa,SS
1451,,28,Cory,Spangenberg,2B
1452,,28,Chris,Stratton,P
1453,,28,Zack,Thompson,P
1454,,28,Drew,VerHagen,P
1455,,28,Adam,Wainwright,P
1456,,28,Jake,Walsh,P
1457,,28,Kodi,Whitley,P
1458,,28,Nick,Wittgren,P
1459,,28,Jake,Woodford,P
1460,,28,Juan,Yepez,1B
1461,,12,Jason,Adam,P
1462,,12,Jonathan,Aranda,2B
1463,,12,Shawn,Armstrong,P
1464,,12,Randy,Arozarena,OF
1465,,12,Luke,Bard,P
1466,,12,Shane,Baz,P
1467,,12,Jalen,Beeks,P
1468,,12,Christian,Bethancourt,C
1469,,12,Vidal,Brujan,OF
1470,,12,Yu,Chang,SS
1471,,12,J. T.,Chargois,P
1472,,12,Yonny,Chirinos,P
1473,,12,Ji-Man,Choi,OF
1474,,12,Garrett,Cleavinger,P
1475,,12,Cooper,Criswell,P
1476,,12,Yandy,Diaz,OF
1477,,12,Robert,Dugger,P
1478,,12,Pete,Fairbanks,P
1479,,12,Calvin,Faucher,P
1480,,12,J. P.,Feyereisen,P
1481,,12,Josh,Fleming,P
1482,,12,Wander,Franco,3B
1483,,12,Ralph,Garza,P
1484,,12,Tyler,Glasnow,P
1485,,12,Javy,Guerra,SS
1486,,12,Kevin,Herget,P
1487,,12,Kevin,Kiermaier,OF
1488,,12,Andrew,Kittredge,P
1489,,12,Corey,Kluber,P
1490,,12,Dusten,Knight,P
1491,,12,Brandon,Lowe,2B
1492,,12,Josh,Lowe,OF
1493,,12,Manuel,Margot,OF
1494,,12,Miles,Mastrobuoni,2B
1495,,12,Chris,Mazza,P
1496,,12,Shane,McClanahan,P
1497,,12,Easton,McGee,P
1498,,12,David,McKay,P
1499,,12,Francisco,Mejia,C
1500,,12,Cristofer,Ogando,P
1501,,12,Isaac,Paredes,3B
1502,,12,Luis,Patino,P
1503,,12,David,Peralta,OF
1504,,12,Brett,Phillips,OF
1505,,12,Rene,Pinto,C
1506,,12,Colin,Poche,P
1507,,12,Roman,Quinn,OF
1508,,12,Brooks,Raley,P
1509,,12,Luke,Raley,OF
1510,,12,Harold,Ramirez,OF
1511,,12,Drew,Rasmussen,P
1512,,12,Tommy,Romero,P
1513,,12,Phoenix,Sanders,P
1514,,12,Jose,Siri,OF
1515,,12,Jeffrey,Springs,P
1516,,12,Ryan,Thompson,P
1517,,12,Taylor,Walls,SS
1518,,12,Matt,Wisler,P
1519,,12,Jimmy,Yacabonis,P
1520,,12,Ryan,Yarbrough,P
1521,,12,Mike,Zunino,C
1522,,13,Albert,Abreu,P
1523,,13,A. J.,Alexy,P
1524,,13,Kolby,Allard,P
1525,,13,Kohei,Arihara,P
1526,,13,Joe,Barlow,P
1527,,13,Brock,Burke,P
1528,,13,Matt,Bush,P
1529,,13,Kole,Calhoun,OF
1530,,13,Willie,Calhoun,OF
1531,,13,Charlie,Culberson,3B
1532,,13,Steven,Duggar,OF
1533,,13,Dane,Dunning,P
1534,,13,Ezequiel,Duran,2B
1535,,13,Adolis,Garcia,OF
1536,,13,Mitch,Garver,C
1537,,13,Jon,Gray,P
1538,,13,Taylor,Hearn,P
1539,,13,Jonah,Heim,C
1540,,13,Elier,Hernandez,OF
1541,,13,Jonathan,Hernandez,P
1542,,13,Greg,Holland,P
1543,,13,Spencer,Howard,P
1544,,13,Sam,Huff,C
1545,,13,Andy,Ibanez,3B
1546,,13,Josh,Jung,3B
1547,,13,Dallas,Keuchel,P
1548,,13,John,King,P
1549,,13,Jose,Leclerc,P
1550,,13,Nathaniel,Lowe,1B
1551,,13,Brett,Martin,P
1552,,13,Mark,Mathias,2B
1553,,13,Brad,Miller,SS
1554,,13,Tyson,Miller,P
1555,,13,Matt,Moore,P
1556,,13,Glenn,Otto,P
1557,,13,Spencer,Patton,P
1558,,13,Martin,Perez,P
1559,,13,Kevin,Plawecki,C
1560,,13,Cole,Ragans,P
1561,,13,Zach,Reks,OF
1562,,13,Garrett,Richards,P
1563,,13,Yerry,Rodriguez,P
1564,,13,Dennis,Santana,P
1565,,13,Josh,Sborz,P
1566,,13,Corey,Seager,SS
1567,,13,Marcus,Semien,SS
1568,,13,Josh,Smith,2B
1569,,13,Nicklaus,Snyder,P
1570,,13,Nick,Solak,2B
1571,,13,Leody,Taveras,OF
1572,,13,Bubba,Thompson,OF
1573,,13,Jesus,Tinoco,P
1574,,13,Meibrys,Viloria,C
1575,,13,Steele,Walker,OF
1576,,13,Eli,White,2B
1577,,14,Shaun,Anderson,P
1578,,14,Anthony,Banda,P
1579,,14,Anthony,Bass,P
1580,,14,Jeremy,Beasley,P
1581,,14,Jose,Berrios,P
1582,,14,Bo,Bichette,SS
1583,,14,Cavan,Biggio,2B
1584,,14,Ryan,Borucki,P
1585,,14,Jackie,Bradley,OF
1586,,14,Vinny,Capra,3B
1587,,14,Max,Castillo,P
1588,,14,Matt,Chapman,3B
1589,,14,Adam,Cimber,P
1590,,14,Zack,Collins,C
1591,,14,Santiago,Espinal,2B
1592,,14,Bowden,Francis,P
1593,,14,Matt,Gage,P
1594,,14,Yimi,Garcia,P
1595,,14,Kevin,Gausman,P
1596,,14,Foster,Griffin,P
1597,,14,Vladimir,Guerrero,3B
1598,,14,Lourdes,Gurriel,2B
1599,,14,Thomas,Hatch,P
1600,,14,Tyler,Heineman,C
1601,,14,Teoscar,Hernandez,OF
1602,,14,Danny,Jansen,C
1603,,14,Gosuke,Katoh,2B
1604,,14,Anthony,Kay,P
1605,,14,Yusei,Kikuchi,P
1606,,14,Alejandro,Kirk,C
1607,,14,Casey,Lawrence,P
1608,,14,Otto,Lopez,2B
1609,,14,Alek,Manoah,P
1610,,14,Tim,Mayza,P
1611,,14,Whit,Merrifield,OF
1612,,14,Julian,Merryweather,P
1613,,14,Gabriel,Moreno,C
1614,,14,David,Phelps,P
1615,,14,Zach,Pop,P
1616,,14,Trevor,Richards,P
1617,,14,Jordan,Romano,P
1618,,14,Sergio,Romo,P
1619,,14,Hyun Jin,Ryu,P
1620,,14,Tayler,Saucedo,P
1621,,14,George,Springer,OF
1622,,14,Ross,Stripling,P
1623,,14,Raimel,Tapia,OF
1624,,14,Trent,Thornton,P
1625,,14,Andrew,Vasquez,P
1626,,14,Mitch,White,P
1627,,14,Bradley,Zimmer,OF
1628,,29,Cory,Abbott,P
1629,,29,CJ,Abrams,SS
1630,,29,Riley,Adams,C
1631,,29,Joan,Adon,P
1632,,29,Ehire,Adrianza,2B
1633,,29,Victor,Arano,P
1634,,29,Tres,Barrera,C
1635,,29,Josh,Bell,1B
1636,,29,Alex,Call,OF
1637,,29,Cade,Cavalli,P
1638,,29,Steve,Cishek,P
1639,,29,Sam,Clay,P
1640,,29,Tyler,Clippard,P
1641,,29,Patrick,Corbin,P
1642,,29,Nelson,Cruz,OF
1643,,29,Sean,Doolittle,P
1644,,29,Carl,Edwards,P
1645,,29,Alcides,Escobar,SS
1646,,29,Paolo,Espino,P
1647,,29,Erick,Fedde,P
1648,,29,Kyle,Finnegan,P
1649,,29,Lucius,Fox,SS
1650,,29,Maikel,Franco,3B
1651,,29,Luis,Garcia,SS
1652,,29,Reed,Garrett,P
1653,,29,Josiah,Gray,P
1654,,29,Hunter,Harvey,P
1655,,29,Cesar,Hernandez,2B
1656,,29,Yadiel,Hernandez,OF
1657,,29,Evan,Lee,P
1658,,29,Andres,Machado,P
1659,,29,Jake,McGee,P
1660,,29,Joey,Meneses,1B
1661,,29,Patrick,Murphy,P
1662,,29,Josh,Palacios,OF
1663,,29,Francisco,Perez,P
1664,,29,Israel,Pineda,C
1665,,29,Tanner,Rainey,P
1666,,29,Erasmo,Ramirez,P
1667,,29,Victor,Robles,OF
1668,,29,Josh,Rogers,P
1669,,29,Tommy,Romero,P
1670,,29,Keibert,Ruiz,C
1671,,29,Aaron,Sanchez,P
1672,,29,Anibal,Sanchez,P
1673,,29,Juan,Soto,OF
1674,,29,Dee,Strange-Gordon,2B
1675,,29,Stephen,Strasburg,P
1676,,29,Jackson,Tetreault,P
1677,,29,Lane,Thomas,OF
1678,,29,Mason,Thompson,P
1679,,29,Ildemaro,Vargas,2B
1680,,29,Luke,Voit,1B
1681,,29,Austin,Voth,P
1682,,29,Jordan,Weems,P